prot,srcds,labid,assay,assaytyp,celltype,isolate,poscrit,cutoff,max_cutoff,assayid,ptid,visitno,drawdt,testdt,titer,titer2,log_titer,response,positivity_method,filt_flag,reason
v065,e065nab_du,DU,NAB,Luciferase,TZM-bl,ADA,50,10,10,AG36-02,121-29-002-4,12.0,26OCT2006,21FEB2007,<10,5,0.6989700043,0,Titer>=10,,
v065,e065nab_du,DU,NAB,Luciferase,TZM-bl,MN,50,10,10,AG36-01,121-29-002-4,12.0,26OCT2006,07FEB2007,<10,5,0.6989700043,0,Titer>=10,,
v065,e065nab_du,DU,NAB,Luciferase,TZM-bl,ADA,50,10,10,AG36-02,121-29-003-8,12.0,25OCT2006,21FEB2007,<10,5,0.6989700043,0,Titer>=10,,
v065,e065nab_du,DU,NAB,Luciferase,TZM-bl,MN,50,10,10,AG36-01,121-29-003-8,12.0,25OCT2006,07FEB2007,<10,5,0.6989700043,0,Titer>=10,,
v065,e065nab_du,DU,NAB,Luciferase,TZM-bl,ADA,50,10,10,AG36-02,121-29-011-7,12.0,20NOV2006,21FEB2007,<10,5,0.6989700043,0,Titer>=10,,
v065,e065nab_du,DU,NAB,Luciferase,TZM-bl,MN,50,10,10,AG36-01,121-29-011-7,12.0,20NOV2006,07FEB2007,<10,5,0.6989700043,0,Titer>=10,,
v065,e065nab_du,DU,NAB,Luciferase,TZM-bl,ADA,50,10,10,AG36-02,121-29-013-4,12.0,04DEC2006,21FEB2007,<10,5,0.6989700043,0,Titer>=10,,
v065,e065nab_du,DU,NAB,Luciferase,TZM-bl,MN,50,10,10,AG36-01,121-29-013-4,12.0,04DEC2006,07FEB2007,<10,5,0.6989700043,0,Titer>=10,,
v065,e065nab_du,DU,NAB,Luciferase,TZM-bl,ADA,50,10,10,PS36-04,121-29-017-5,12.0,16APR2007,20JUN2007,<10,5,0.6989700043,0,Titer>=10,,
v065,e065nab_du,DU,NAB,Luciferase,TZM-bl,MN,50,10,10,PS36-03,121-29-017-5,12.0,16APR2007,20JUN2007,<10,5,0.6989700043,0,Titer>=10,,
v065,e065nab_du,DU,NAB,Luciferase,TZM-bl,ADA,50,10,10,PS36-04,121-29-018-3,12.0,23APR2007,20JUN2007,<10,5,0.6989700043,0,Titer>=10,,
v065,e065nab_du,DU,NAB,Luciferase,TZM-bl,MN,50,10,10,PS36-03,121-29-018-3,12.0,23APR2007,20JUN2007,<10,5,0.6989700043,0,Titer>=10,,
v065,e065nab_du,DU,NAB,Luciferase,TZM-bl,ADA,50,10,10,PS36-04,121-29-019-1,12.0,08MAY2007,20JUN2007,<10,5,0.6989700043,0,Titer>=10,,
v065,e065nab_du,DU,NAB,Luciferase,TZM-bl,MN,50,10,10,PS36-03,121-29-019-1,12.0,08MAY2007,20JUN2007,<10,5,0.6989700043,0,Titer>=10,,
v065,e065nab_du,DU,NAB,Luciferase,TZM-bl,ADA,50,10,10,PS36-04,121-29-020-3,12.0,19APR2007,20JUN2007,<10,5,0.6989700043,0,Titer>=10,,
v065,e065nab_du,DU,NAB,Luciferase,TZM-bl,MN,50,10,10,PS36-03,121-29-020-3,12.0,19APR2007,20JUN2007,<10,5,0.6989700043,0,Titer>=10,,
v065,e065nab_du,DU,NAB,Luciferase,TZM-bl,ADA,50,10,10,PS36-04,121-29-023-2,12.0,25APR2007,20JUN2007,<10,5,0.6989700043,0,Titer>=10,,
v065,e065nab_du,DU,NAB,Luciferase,TZM-bl,MN,50,10,10,PS36-03,121-29-023-2,12.0,25APR2007,20JUN2007,<10,5,0.6989700043,0,Titer>=10,,
v065,e065nab_du,DU,NAB,Luciferase,TZM-bl,ADA,50,10,10,PS36-04,121-29-026-6,12.0,30APR2007,20JUN2007,<10,5,0.6989700043,0,Titer>=10,,
v065,e065nab_du,DU,NAB,Luciferase,TZM-bl,MN,50,10,10,PS36-03,121-29-026-6,12.0,30APR2007,20JUN2007,<10,5,0.6989700043,0,Titer>=10,,
v065,e065nab_du,DU,NAB,Luciferase,TZM-bl,ADA,50,10,10,PS36-06,121-29-028-1,12.0,30MAY2007,21NOV2007,13,13,1.1139433523,1,Titer>=10,,
v065,e065nab_du,DU,NAB,Luciferase,TZM-bl,MN,50,10,10,PS36-05,121-29-028-1,12.0,30MAY2007,21NOV2007,24,24,1.3802112417,1,Titer>=10,,
v065,e065nab_du,DU,NAB,Luciferase,TZM-bl,ADA,50,10,10,PS36-04,121-29-030-5,12.0,10MAY2007,20JUN2007,<10,5,0.6989700043,0,Titer>=10,,
v065,e065nab_du,DU,NAB,Luciferase,TZM-bl,MN,50,10,10,PS36-03,121-29-030-5,12.0,10MAY2007,20JUN2007,<10,5,0.6989700043,0,Titer>=10,,
v065,e065nab_du,DU,NAB,Luciferase,TZM-bl,ADA,50,10,10,PS36-06,121-29-033-9,12.0,23MAY2007,21NOV2007,14,14,1.1461280357,1,Titer>=10,,
v065,e065nab_du,DU,NAB,Luciferase,TZM-bl,MN,50,10,10,PS36-05,121-29-033-9,12.0,23MAY2007,21NOV2007,23,23,1.361727836,1,Titer>=10,,
v065,e065nab_du,DU,NAB,Luciferase,TZM-bl,B-pGA2JS7,50,10,10,CB36-08,121-29-038-8,12.0,03JAN2008,16JUL2008,<10,5,0.6989700043,0,Titer>=10,,
v065,e065nab_du,DU,NAB,Luciferase,TZM-bl,MN,50,10,10,CB36-07,121-29-038-8,12.0,03JAN2008,11JUL2008,62,62,1.7923916895,1,Titer>=10,,
v065,e065nab_du,DU,NAB,Luciferase,TZM-bl,B-pGA2JS7,50,10,10,CB36-08,121-29-039-6,12.0,27DEC2007,16JUL2008,<10,5,0.6989700043,0,Titer>=10,,
v065,e065nab_du,DU,NAB,Luciferase,TZM-bl,MN,50,10,10,CB36-07,121-29-039-6,12.0,27DEC2007,11JUL2008,19,19,1.278753601,1,Titer>=10,,
v065,e065nab_du,DU,NAB,Luciferase,TZM-bl,B-pGA2JS7,50,10,10,CB36-08,121-29-041-8,12.0,07JAN2008,16JUL2008,<10,5,0.6989700043,0,Titer>=10,,
v065,e065nab_du,DU,NAB,Luciferase,TZM-bl,MN,50,10,10,CB36-07,121-29-041-8,12.0,07JAN2008,11JUL2008,24,24,1.3802112417,1,Titer>=10,,
v065,e065nab_du,DU,NAB,Luciferase,TZM-bl,B-pGA2JS7,50,10,10,CB36-08,121-29-042-9,12.0,02JAN2008,16JUL2008,<10,5,0.6989700043,0,Titer>=10,,
v065,e065nab_du,DU,NAB,Luciferase,TZM-bl,MN,50,10,10,CB36-07,121-29-042-9,12.0,02JAN2008,11JUL2008,17,17,1.2304489214,1,Titer>=10,,
v065,e065nab_du,DU,NAB,Luciferase,TZM-bl,B-pGA2JS7,50,10,10,CB36-08,121-29-043-3,12.0,27DEC2007,16JUL2008,<10,5,0.6989700043,0,Titer>=10,,
v065,e065nab_du,DU,NAB,Luciferase,TZM-bl,MN,50,10,10,CB36-07,121-29-043-3,12.0,27DEC2007,11JUL2008,14,14,1.1461280357,1,Titer>=10,,
v065,e065nab_du,DU,NAB,Luciferase,TZM-bl,B-pGA2JS7,50,10,10,CB36-08,121-29-044-1,12.0,09JAN2008,16JUL2008,<10,5,0.6989700043,0,Titer>=10,,
v065,e065nab_du,DU,NAB,Luciferase,TZM-bl,MN,50,10,10,CB36-07,121-29-044-1,12.0,09JAN2008,11JUL2008,21,21,1.3222192947,1,Titer>=10,,
v065,e065nab_du,DU,NAB,Luciferase,TZM-bl,B-pGA2JS7,50,10,10,CB36-08,121-29-045-7,12.0,28DEC2007,16JUL2008,<10,5,0.6989700043,0,Titer>=10,,
v065,e065nab_du,DU,NAB,Luciferase,TZM-bl,MN,50,10,10,CB36-07,121-29-045-7,12.0,28DEC2007,11JUL2008,34,34,1.531478917,1,Titer>=10,,
v065,e065nab_du,DU,NAB,Luciferase,TZM-bl,B-pGA2JS7,50,10,10,CB36-08,121-29-048-2,12.0,03JAN2008,16JUL2008,<10,5,0.6989700043,0,Titer>=10,,
v065,e065nab_du,DU,NAB,Luciferase,TZM-bl,MN,50,10,10,CB36-07,121-29-048-2,12.0,03JAN2008,11JUL2008,15,15,1.1760912591,1,Titer>=10,,
v065,e065nab_du,DU,NAB,Luciferase,TZM-bl,B-pGA2JS7,50,10,10,CB36-08,121-29-050-7,12.0,23JAN2008,16JUL2008,<10,5,0.6989700043,0,Titer>=10,,
v065,e065nab_du,DU,NAB,Luciferase,TZM-bl,MN,50,10,10,CB36-07,121-29-050-7,12.0,23JAN2008,11JUL2008,15,15,1.1760912591,1,Titer>=10,,
v065,e065nab_du,DU,NAB,Luciferase,TZM-bl,B-pGA2JS7,50,10,10,CB36-08,121-29-051-0,12.0,14FEB2008,16JUL2008,<10,5,0.6989700043,0,Titer>=10,1,Out of Window
v065,e065nab_du,DU,NAB,Luciferase,TZM-bl,MN,50,10,10,CB36-07,121-29-051-0,12.0,14FEB2008,11JUL2008,<10,5,0.6989700043,0,Titer>=10,1,Out of Window
v065,e065nab_du,DU,NAB,Luciferase,TZM-bl,B-pGA2JS7,50,10,10,CB36-08,121-29-056-2,12.0,17MAR2008,16JUL2008,<10,5,0.6989700043,0,Titer>=10,,
v065,e065nab_du,DU,NAB,Luciferase,TZM-bl,MN,50,10,10,CB36-07,121-29-056-2,12.0,17MAR2008,11JUL2008,14,14,1.1461280357,1,Titer>=10,,
v065,e065nab_du,DU,NAB,Luciferase,TZM-bl,B-pGA2JS7,50,10,10,CB36-08,121-29-057-3,12.0,21APR2008,16JUL2008,<10,5,0.6989700043,0,Titer>=10,1,Out of Window
v065,e065nab_du,DU,NAB,Luciferase,TZM-bl,MN,50,10,10,CB36-07,121-29-057-3,12.0,21APR2008,11JUL2008,17,17,1.2304489214,1,Titer>=10,1,Out of Window
v065,e065nab_du,DU,NAB,Luciferase,TZM-bl,B-pGA2JS7,50,10,10,CB36-08,121-29-058-5,12.0,16APR2008,16JUL2008,15,15,1.1760912591,1,Titer>=10,,
v065,e065nab_du,DU,NAB,Luciferase,TZM-bl,MN,50,10,10,CB36-07,121-29-058-5,12.0,16APR2008,11JUL2008,63,63,1.7993405495,1,Titer>=10,,
v065,e065nab_du,DU,NAB,Luciferase,TZM-bl,B-pGA2JS7,50,10,10,CB36-12,121-29-060-1,12.0,13MAY2008,08AUG2008,<10,5,0.6989700043,0,Titer>=10,,
v065,e065nab_du,DU,NAB,Luciferase,TZM-bl,MN,50,10,10,CB36-11,121-29-060-1,12.0,13MAY2008,08AUG2008,20,20,1.3010299957,1,Titer>=10,,
v065,e065nab_du,DU,NAB,Luciferase,TZM-bl,B-pGA2JS7,50,10,10,CB36-08,121-29-062-7,12.0,16APR2008,16JUL2008,<10,5,0.6989700043,0,Titer>=10,,
v065,e065nab_du,DU,NAB,Luciferase,TZM-bl,MN,50,10,10,CB36-07,121-29-062-7,12.0,16APR2008,11JUL2008,13,13,1.1139433523,1,Titer>=10,,
v065,e065nab_du,DU,NAB,Luciferase,TZM-bl,B-pGA2JS7,50,10,10,CB36-12,121-29-064-3,12.0,19MAY2008,08AUG2008,<10,5,0.6989700043,0,Titer>=10,,
v065,e065nab_du,DU,NAB,Luciferase,TZM-bl,MN,50,10,10,CB36-11,121-29-064-3,12.0,19MAY2008,08AUG2008,<10,5,0.6989700043,0,Titer>=10,,
v065,e065nab_du,DU,NAB,Luciferase,TZM-bl,B-pGA2JS7,50,10,10,CB36-12,121-29-065-5,12.0,08MAY2008,08AUG2008,<10,5,0.6989700043,0,Titer>=10,,
v065,e065nab_du,DU,NAB,Luciferase,TZM-bl,MN,50,10,10,CB36-11,121-29-065-5,12.0,08MAY2008,08AUG2008,15,15,1.1760912591,1,Titer>=10,,
v065,e065nab_du,DU,NAB,Luciferase,TZM-bl,B-pGA2JS7,50,10,10,CB36-12,121-29-066-8,12.0,13MAY2008,08AUG2008,<10,5,0.6989700043,0,Titer>=10,,
v065,e065nab_du,DU,NAB,Luciferase,TZM-bl,MN,50,10,10,CB36-11,121-29-066-8,12.0,13MAY2008,08AUG2008,<10,5,0.6989700043,0,Titer>=10,,
v065,e065nab_du,DU,NAB,Luciferase,TZM-bl,B-pGA2JS7,50,10,10,CB36-12,121-29-068-4,12.0,14MAY2008,08AUG2008,<10,5,0.6989700043,0,Titer>=10,,
v065,e065nab_du,DU,NAB,Luciferase,TZM-bl,MN,50,10,10,CB36-11,121-29-068-4,12.0,14MAY2008,08AUG2008,10,10,1,1,Titer>=10,,
v065,e065nab_du,DU,NAB,Luciferase,TZM-bl,B-pGA2JS7,50,10,10,CB36-12,121-29-069-2,12.0,19MAY2008,08AUG2008,<10,5,0.6989700043,0,Titer>=10,,
v065,e065nab_du,DU,NAB,Luciferase,TZM-bl,MN,50,10,10,CB36-11,121-29-069-2,12.0,19MAY2008,08AUG2008,<10,5,0.6989700043,0,Titer>=10,,
v065,e065nab_du,DU,NAB,Luciferase,TZM-bl,B-pGA2JS7,50,10,10,CB36-12,121-29-070-6,12.0,30MAY2008,08AUG2008,<10,5,0.6989700043,0,Titer>=10,,
v065,e065nab_du,DU,NAB,Luciferase,TZM-bl,MN,50,10,10,CB36-11,121-29-070-6,12.0,30MAY2008,08AUG2008,86,86,1.9344984512,1,Titer>=10,,
v065,e065nab_du,DU,NAB,Luciferase,TZM-bl,ADA,50,10,10,PS36-04,123-29-003-3,12.0,25APR2007,20JUN2007,<10,5,0.6989700043,0,Titer>=10,,
v065,e065nab_du,DU,NAB,Luciferase,TZM-bl,MN,50,10,10,PS36-03,123-29-003-3,12.0,25APR2007,20JUN2007,<10,5,0.6989700043,0,Titer>=10,,
v065,e065nab_du,DU,NAB,Luciferase,TZM-bl,ADA,50,10,10,PS36-04,123-29-004-1,12.0,17MAY2007,20JUN2007,<10,5,0.6989700043,0,Titer>=10,,
v065,e065nab_du,DU,NAB,Luciferase,TZM-bl,MN,50,10,10,PS36-03,123-29-004-1,12.0,17MAY2007,20JUN2007,<10,5,0.6989700043,0,Titer>=10,,
v065,e065nab_du,DU,NAB,Luciferase,TZM-bl,ADA,50,10,10,PS36-04,123-29-008-2,12.0,03MAY2007,20JUN2007,<10,5,0.6989700043,0,Titer>=10,,
v065,e065nab_du,DU,NAB,Luciferase,TZM-bl,MN,50,10,10,PS36-03,123-29-008-2,12.0,03MAY2007,20JUN2007,<10,5,0.6989700043,0,Titer>=10,,
v065,e065nab_du,DU,NAB,Luciferase,TZM-bl,ADA,50,10,10,PS36-04,123-29-009-0,12.0,01MAY2007,20JUN2007,<10,5,0.6989700043,0,Titer>=10,,
v065,e065nab_du,DU,NAB,Luciferase,TZM-bl,MN,50,10,10,PS36-03,123-29-009-0,12.0,01MAY2007,20JUN2007,<10,5,0.6989700043,0,Titer>=10,,
v065,e065nab_du,DU,NAB,Luciferase,TZM-bl,ADA,50,10,10,PS36-04,123-29-010-5,12.0,25APR2007,20JUN2007,<10,5,0.6989700043,0,Titer>=10,,
v065,e065nab_du,DU,NAB,Luciferase,TZM-bl,MN,50,10,10,PS36-03,123-29-010-5,12.0,25APR2007,20JUN2007,<10,5,0.6989700043,0,Titer>=10,,
v065,e065nab_du,DU,NAB,Luciferase,TZM-bl,ADA,50,10,10,PS36-04,123-29-011-2,12.0,26APR2007,20JUN2007,<10,5,0.6989700043,0,Titer>=10,,
v065,e065nab_du,DU,NAB,Luciferase,TZM-bl,MN,50,10,10,PS36-03,123-29-011-2,12.0,26APR2007,20JUN2007,<10,5,0.6989700043,0,Titer>=10,,
v065,e065nab_du,DU,NAB,Luciferase,TZM-bl,ADA,50,10,10,PS36-06,123-29-012-3,12.0,23MAY2007,21NOV2007,18,18,1.2552725051,1,Titer>=10,,
v065,e065nab_du,DU,NAB,Luciferase,TZM-bl,MN,50,10,10,PS36-05,123-29-012-3,12.0,23MAY2007,21NOV2007,35,35,1.5440680444,1,Titer>=10,,
v065,e065nab_du,DU,NAB,Luciferase,TZM-bl,ADA,50,10,10,PS36-04,123-29-014-7,12.0,17MAY2007,20JUN2007,<10,5,0.6989700043,0,Titer>=10,,
v065,e065nab_du,DU,NAB,Luciferase,TZM-bl,MN,50,10,10,PS36-03,123-29-014-7,12.0,17MAY2007,20JUN2007,<10,5,0.6989700043,0,Titer>=10,,
v065,e065nab_du,DU,NAB,Luciferase,TZM-bl,ADA,50,10,10,PS36-04,123-29-015-1,12.0,10MAY2007,20JUN2007,<10,5,0.6989700043,0,Titer>=10,,
v065,e065nab_du,DU,NAB,Luciferase,TZM-bl,MN,50,10,10,PS36-03,123-29-015-1,12.0,10MAY2007,20JUN2007,<10,5,0.6989700043,0,Titer>=10,,
v065,e065nab_du,DU,NAB,Luciferase,TZM-bl,ADA,50,10,10,PS36-04,123-29-016-4,12.0,15MAY2007,20JUN2007,<10,5,0.6989700043,0,Titer>=10,,
v065,e065nab_du,DU,NAB,Luciferase,TZM-bl,MN,50,10,10,PS36-03,123-29-016-4,12.0,15MAY2007,20JUN2007,<10,5,0.6989700043,0,Titer>=10,,
v065,e065nab_du,DU,NAB,Luciferase,TZM-bl,ADA,50,10,10,PS36-06,123-29-017-0,12.0,24MAY2007,21NOV2007,<10,5,0.6989700043,0,Titer>=10,,
v065,e065nab_du,DU,NAB,Luciferase,TZM-bl,MN,50,10,10,PS36-05,123-29-017-0,12.0,24MAY2007,21NOV2007,20,20,1.3010299957,1,Titer>=10,,
v065,e065nab_du,DU,NAB,Luciferase,TZM-bl,B-pGA2JS7,50,10,10,CB36-08,123-29-021-4,12.0,10JAN2008,16JUL2008,<10,5,0.6989700043,0,Titer>=10,,
v065,e065nab_du,DU,NAB,Luciferase,TZM-bl,MN,50,10,10,CB36-07,123-29-021-4,12.0,10JAN2008,11JUL2008,21,21,1.3222192947,1,Titer>=10,,
v065,e065nab_du,DU,NAB,Luciferase,TZM-bl,B-pGA2JS7,50,10,10,CB36-08,123-29-022-0,12.0,19DEC2007,16JUL2008,<10,5,0.6989700043,0,Titer>=10,,
v065,e065nab_du,DU,NAB,Luciferase,TZM-bl,MN,50,10,10,CB36-07,123-29-022-0,12.0,19DEC2007,11JUL2008,11,11,1.0413926852,1,Titer>=10,,
v065,e065nab_du,DU,NAB,Luciferase,TZM-bl,B-pGA2JS7,50,10,10,CB36-08,123-29-028-6,12.0,20FEB2008,16JUL2008,<10,5,0.6989700043,0,Titer>=10,,
v065,e065nab_du,DU,NAB,Luciferase,TZM-bl,MN,50,10,10,CB36-07,123-29-028-6,12.0,20FEB2008,11JUL2008,16,16,1.2041199827,1,Titer>=10,,
v065,e065nab_du,DU,NAB,Luciferase,TZM-bl,B-pGA2JS7,50,10,10,CB36-08,123-29-029-9,12.0,21FEB2008,16JUL2008,<10,5,0.6989700043,0,Titer>=10,,
v065,e065nab_du,DU,NAB,Luciferase,TZM-bl,MN,50,10,10,CB36-07,123-29-029-9,12.0,21FEB2008,11JUL2008,202,202,2.3053513694,1,Titer>=10,,
v065,e065nab_du,DU,NAB,Luciferase,TZM-bl,B-pGA2JS7,50,10,10,CB36-08,123-29-030-0,12.0,05FEB2008,16JUL2008,<10,5,0.6989700043,0,Titer>=10,1,Out of Window
v065,e065nab_du,DU,NAB,Luciferase,TZM-bl,MN,50,10,10,CB36-07,123-29-030-0,12.0,05FEB2008,11JUL2008,18,18,1.2552725051,1,Titer>=10,1,Out of Window
v065,e065nab_du,DU,NAB,Luciferase,TZM-bl,B-pGA2JS7,50,10,10,CB36-08,123-29-031-7,12.0,29FEB2008,16JUL2008,<10,5,0.6989700043,0,Titer>=10,,
v065,e065nab_du,DU,NAB,Luciferase,TZM-bl,MN,50,10,10,CB36-07,123-29-031-7,12.0,29FEB2008,11JUL2008,19,19,1.278753601,1,Titer>=10,,
v065,e065nab_du,DU,NAB,Luciferase,TZM-bl,B-pGA2JS7,50,10,10,CB36-08,123-29-034-2,12.0,28FEB2008,16JUL2008,<10,5,0.6989700043,0,Titer>=10,,
v065,e065nab_du,DU,NAB,Luciferase,TZM-bl,MN,50,10,10,CB36-07,123-29-034-2,12.0,28FEB2008,11JUL2008,20,20,1.3010299957,1,Titer>=10,,
v065,e065nab_du,DU,NAB,Luciferase,TZM-bl,B-pGA2JS7,50,10,10,CB36-08,123-29-035-6,12.0,20FEB2008,16JUL2008,<10,5,0.6989700043,0,Titer>=10,,
v065,e065nab_du,DU,NAB,Luciferase,TZM-bl,MN,50,10,10,CB36-07,123-29-035-6,12.0,20FEB2008,11JUL2008,24,24,1.3802112417,1,Titer>=10,,
v065,e065nab_du,DU,NAB,Luciferase,TZM-bl,B-pGA2JS7,50,10,10,CB36-12,123-29-036-9,12.0,11MAR2008,08AUG2008,<10,5,0.6989700043,0,Titer>=10,,
v065,e065nab_du,DU,NAB,Luciferase,TZM-bl,MN,50,10,10,CB36-11,123-29-036-9,12.0,11MAR2008,08AUG2008,<10,5,0.6989700043,0,Titer>=10,,
v065,e065nab_du,DU,NAB,Luciferase,TZM-bl,B-pGA2JS7,50,10,10,CB36-08,123-29-041-3,12.0,05MAY2008,16JUL2008,<10,5,0.6989700043,0,Titer>=10,,
v065,e065nab_du,DU,NAB,Luciferase,TZM-bl,MN,50,10,10,CB36-07,123-29-041-3,12.0,05MAY2008,11JUL2008,20,20,1.3010299957,1,Titer>=10,,
v065,e065nab_du,DU,NAB,Luciferase,TZM-bl,B-pGA2JS7,50,10,10,CB36-08,123-29-047-1,12.0,21APR2008,16JUL2008,<10,5,0.6989700043,0,Titer>=10,,
v065,e065nab_du,DU,NAB,Luciferase,TZM-bl,MN,50,10,10,CB36-07,123-29-047-1,12.0,21APR2008,11JUL2008,366,366,2.5634810854,1,Titer>=10,,
v065,e065nab_du,DU,NAB,Luciferase,TZM-bl,B-pGA2JS7,50,10,10,CB36-08,123-29-048-7,12.0,16APR2008,16JUL2008,<10,5,0.6989700043,0,Titer>=10,,
v065,e065nab_du,DU,NAB,Luciferase,TZM-bl,MN,50,10,10,CB36-07,123-29-048-7,12.0,16APR2008,11JUL2008,58,58,1.7634279936,1,Titer>=10,,
v065,e065nab_du,DU,NAB,Luciferase,TZM-bl,B-pGA2JS7,50,10,10,CB36-08,123-29-049-5,12.0,24APR2008,16JUL2008,<10,5,0.6989700043,0,Titer>=10,,
v065,e065nab_du,DU,NAB,Luciferase,TZM-bl,MN,50,10,10,CB36-07,123-29-049-5,12.0,24APR2008,11JUL2008,11,11,1.0413926852,1,Titer>=10,,
v065,e065nab_du,DU,NAB,Luciferase,TZM-bl,B-pGA2JS7,50,10,10,CB36-08,123-29-050-2,12.0,29APR2008,16JUL2008,<10,5,0.6989700043,0,Titer>=10,,
v065,e065nab_du,DU,NAB,Luciferase,TZM-bl,MN,50,10,10,CB36-07,123-29-050-2,12.0,29APR2008,11JUL2008,33,33,1.5185139399,1,Titer>=10,,
v065,e065nab_du,DU,NAB,Luciferase,TZM-bl,B-pGA2JS7,50,10,10,CB36-12,123-29-053-1,12.0,13MAY2008,08AUG2008,<10,5,0.6989700043,0,Titer>=10,,
v065,e065nab_du,DU,NAB,Luciferase,TZM-bl,MN,50,10,10,CB36-11,123-29-053-1,12.0,13MAY2008,08AUG2008,<10,5,0.6989700043,0,Titer>=10,,
v065,e065nab_du,DU,NAB,Luciferase,TZM-bl,ADA,50,10,10,AG36-02,124-29-002-3,12.0,15NOV2006,21FEB2007,<10,5,0.6989700043,0,Titer>=10,,
v065,e065nab_du,DU,NAB,Luciferase,TZM-bl,MN,50,10,10,AG36-01,124-29-002-3,12.0,15NOV2006,07FEB2007,<10,5,0.6989700043,0,Titer>=10,,
v065,e065nab_du,DU,NAB,Luciferase,TZM-bl,ADA,50,10,10,AG36-02,124-29-008-8,12.0,28NOV2006,21FEB2007,<10,5,0.6989700043,0,Titer>=10,,
v065,e065nab_du,DU,NAB,Luciferase,TZM-bl,MN,50,10,10,AG36-01,124-29-008-8,12.0,28NOV2006,07FEB2007,<10,5,0.6989700043,0,Titer>=10,,
v065,e065nab_du,DU,NAB,Luciferase,TZM-bl,ADA,50,10,10,AG36-02,124-29-021-5,12.0,11DEC2006,21FEB2007,<10,5,0.6989700043,0,Titer>=10,,
v065,e065nab_du,DU,NAB,Luciferase,TZM-bl,MN,50,10,10,AG36-01,124-29-021-5,12.0,11DEC2006,07FEB2007,<10,5,0.6989700043,0,Titer>=10,,
v065,e065nab_du,DU,NAB,Luciferase,TZM-bl,ADA,50,10,10,AG36-02,124-29-024-4,12.0,12DEC2006,21FEB2007,<10,5,0.6989700043,0,Titer>=10,,
v065,e065nab_du,DU,NAB,Luciferase,TZM-bl,MN,50,10,10,AG36-01,124-29-024-4,12.0,12DEC2006,07FEB2007,<10,5,0.6989700043,0,Titer>=10,,
v065,e065nab_du,DU,NAB,Luciferase,TZM-bl,ADA,50,10,10,PS36-04,124-29-033-5,12.0,26MAR2007,20JUN2007,<10,5,0.6989700043,0,Titer>=10,,
v065,e065nab_du,DU,NAB,Luciferase,TZM-bl,MN,50,10,10,PS36-03,124-29-033-5,12.0,26MAR2007,20JUN2007,<10,5,0.6989700043,0,Titer>=10,,
v065,e065nab_du,DU,NAB,Luciferase,TZM-bl,ADA,50,10,10,PS36-04,124-29-034-8,12.0,26MAR2007,20JUN2007,<10,5,0.6989700043,0,Titer>=10,,
v065,e065nab_du,DU,NAB,Luciferase,TZM-bl,MN,50,10,10,PS36-03,124-29-034-8,12.0,26MAR2007,20JUN2007,<10,5,0.6989700043,0,Titer>=10,,
v065,e065nab_du,DU,NAB,Luciferase,TZM-bl,ADA,50,10,10,PS36-04,124-29-035-0,12.0,26MAR2007,20JUN2007,<10,5,0.6989700043,0,Titer>=10,,
v065,e065nab_du,DU,NAB,Luciferase,TZM-bl,MN,50,10,10,PS36-03,124-29-035-0,12.0,26MAR2007,20JUN2007,<10,5,0.6989700043,0,Titer>=10,,
v065,e065nab_du,DU,NAB,Luciferase,TZM-bl,ADA,50,10,10,PS36-04,124-29-037-4,12.0,02APR2007,20JUN2007,<10,5,0.6989700043,0,Titer>=10,,
v065,e065nab_du,DU,NAB,Luciferase,TZM-bl,MN,50,10,10,PS36-03,124-29-037-4,12.0,02APR2007,20JUN2007,<10,5,0.6989700043,0,Titer>=10,,
v065,e065nab_du,DU,NAB,Luciferase,TZM-bl,ADA,50,10,10,PS36-04,124-29-039-7,12.0,02APR2007,20JUN2007,<10,5,0.6989700043,0,Titer>=10,,
v065,e065nab_du,DU,NAB,Luciferase,TZM-bl,MN,50,10,10,PS36-03,124-29-039-7,12.0,02APR2007,20JUN2007,<10,5,0.6989700043,0,Titer>=10,,
v065,e065nab_du,DU,NAB,Luciferase,TZM-bl,ADA,50,10,10,PS36-04,124-29-040-3,12.0,02APR2007,20JUN2007,<10,5,0.6989700043,0,Titer>=10,,
v065,e065nab_du,DU,NAB,Luciferase,TZM-bl,MN,50,10,10,PS36-03,124-29-040-3,12.0,02APR2007,20JUN2007,<10,5,0.6989700043,0,Titer>=10,,
v065,e065nab_du,DU,NAB,Luciferase,TZM-bl,ADA,50,10,10,PS36-04,125-29-001-4,12.0,20APR2007,20JUN2007,<10,5,0.6989700043,0,Titer>=10,,
v065,e065nab_du,DU,NAB,Luciferase,TZM-bl,MN,50,10,10,PS36-03,125-29-001-4,12.0,20APR2007,20JUN2007,<10,5,0.6989700043,0,Titer>=10,,
v065,e065nab_du,DU,NAB,Luciferase,TZM-bl,ADA,50,10,10,PS36-04,125-29-003-7,12.0,24APR2007,20JUN2007,<10,5,0.6989700043,0,Titer>=10,,
v065,e065nab_du,DU,NAB,Luciferase,TZM-bl,MN,50,10,10,PS36-03,125-29-003-7,12.0,24APR2007,20JUN2007,<10,5,0.6989700043,0,Titer>=10,,
v065,e065nab_du,DU,NAB,Luciferase,TZM-bl,ADA,50,10,10,PS36-04,125-29-004-5,12.0,27APR2007,20JUN2007,<10,5,0.6989700043,0,Titer>=10,,
v065,e065nab_du,DU,NAB,Luciferase,TZM-bl,MN,50,10,10,PS36-03,125-29-004-5,12.0,27APR2007,20JUN2007,<10,5,0.6989700043,0,Titer>=10,,
v065,e065nab_du,DU,NAB,Luciferase,TZM-bl,ADA,50,10,10,PS36-04,125-29-006-1,12.0,01MAY2007,20JUN2007,<10,5,0.6989700043,0,Titer>=10,,
v065,e065nab_du,DU,NAB,Luciferase,TZM-bl,MN,50,10,10,PS36-03,125-29-006-1,12.0,01MAY2007,20JUN2007,<10,5,0.6989700043,0,Titer>=10,,
v065,e065nab_du,DU,NAB,Luciferase,TZM-bl,ADA,50,10,10,PS36-04,125-29-007-2,12.0,30APR2007,20JUN2007,<10,5,0.6989700043,0,Titer>=10,,
v065,e065nab_du,DU,NAB,Luciferase,TZM-bl,MN,50,10,10,PS36-03,125-29-007-2,12.0,30APR2007,20JUN2007,<10,5,0.6989700043,0,Titer>=10,,
v065,e065nab_du,DU,NAB,Luciferase,TZM-bl,B-pGA2JS7,50,10,10,CB36-08,125-29-012-7,12.0,31JAN2008,16JUL2008,<10,5,0.6989700043,0,Titer>=10,,
v065,e065nab_du,DU,NAB,Luciferase,TZM-bl,MN,50,10,10,CB36-07,125-29-012-7,12.0,31JAN2008,11JUL2008,26,26,1.414973348,1,Titer>=10,,
v065,e065nab_du,DU,NAB,Luciferase,TZM-bl,B-pGA2JS7,50,10,10,CB36-08,125-29-013-0,12.0,14MAR2008,16JUL2008,<10,5,0.6989700043,0,Titer>=10,,
v065,e065nab_du,DU,NAB,Luciferase,TZM-bl,MN,50,10,10,CB36-07,125-29-013-0,12.0,14MAR2008,11JUL2008,22,22,1.3424226808,1,Titer>=10,,
v065,e065nab_du,DU,NAB,Luciferase,TZM-bl,B-pGA2JS7,50,10,10,CB36-08,125-29-014-3,12.0,26FEB2008,16JUL2008,<10,5,0.6989700043,0,Titer>=10,,
v065,e065nab_du,DU,NAB,Luciferase,TZM-bl,MN,50,10,10,CB36-07,125-29-014-3,12.0,26FEB2008,11JUL2008,30,30,1.4771212547,1,Titer>=10,,
v065,e065nab_du,DU,NAB,Luciferase,TZM-bl,B-pGA2JS7,50,10,10,CB36-08,125-29-015-5,12.0,31MAR2008,16JUL2008,<10,5,0.6989700043,0,Titer>=10,,
v065,e065nab_du,DU,NAB,Luciferase,TZM-bl,MN,50,10,10,CB36-07,125-29-015-5,12.0,31MAR2008,11JUL2008,41,41,1.6127838567,1,Titer>=10,,
v065,e065nab_du,DU,NAB,Luciferase,TZM-bl,B-pGA2JS7,50,10,10,CB36-08,125-29-016-8,12.0,10MAR2008,16JUL2008,<10,5,0.6989700043,0,Titer>=10,,
v065,e065nab_du,DU,NAB,Luciferase,TZM-bl,MN,50,10,10,CB36-07,125-29-016-8,12.0,10MAR2008,11JUL2008,13,13,1.1139433523,1,Titer>=10,,
v065,e065nab_du,DU,NAB,Luciferase,TZM-bl,B-pGA2JS7,50,10,10,CB36-08,125-29-017-9,12.0,10MAR2008,16JUL2008,<10,5,0.6989700043,0,Titer>=10,,
v065,e065nab_du,DU,NAB,Luciferase,TZM-bl,MN,50,10,10,CB36-07,125-29-017-9,12.0,10MAR2008,11JUL2008,26,26,1.414973348,1,Titer>=10,,
v065,e065nab_du,DU,NAB,Luciferase,TZM-bl,B-pGA2JS7,50,10,10,CB36-08,125-29-019-2,12.0,07APR2008,16JUL2008,<10,5,0.6989700043,0,Titer>=10,,
v065,e065nab_du,DU,NAB,Luciferase,TZM-bl,MN,50,10,10,CB36-07,125-29-019-2,12.0,07APR2008,11JUL2008,22,22,1.3424226808,1,Titer>=10,,
v065,e065nab_du,DU,NAB,Luciferase,TZM-bl,B-pGA2JS7,50,10,10,CB36-10,125-29-020-4,12.0,15APR2008,17JUL2008,<10,5,0.6989700043,0,Titer>=10,,
v065,e065nab_du,DU,NAB,Luciferase,TZM-bl,MN,50,10,10,CB36-09,125-29-020-4,12.0,15APR2008,17JUL2008,36,36,1.5563025008,1,Titer>=10,,
v065,e065nab_du,DU,NAB,Luciferase,TZM-bl,B-pGA2JS7,50,10,10,CB36-10,125-29-022-9,12.0,28APR2008,17JUL2008,<10,5,0.6989700043,0,Titer>=10,,
v065,e065nab_du,DU,NAB,Luciferase,TZM-bl,MN,50,10,10,CB36-09,125-29-022-9,12.0,28APR2008,17JUL2008,18,18,1.2552725051,1,Titer>=10,,
v065,e065nab_du,DU,NAB,Luciferase,TZM-bl,B-pGA2JS7,50,10,10,CB36-12,125-29-023-3,12.0,07MAY2008,08AUG2008,<10,5,0.6989700043,0,Titer>=10,,
v065,e065nab_du,DU,NAB,Luciferase,TZM-bl,MN,50,10,10,CB36-11,125-29-023-3,12.0,07MAY2008,08AUG2008,<10,5,0.6989700043,0,Titer>=10,,
v065,e065nab_du,DU,NAB,Luciferase,TZM-bl,B-pGA2JS7,50,10,10,CB36-10,125-29-026-5,12.0,29APR2008,17JUL2008,<10,5,0.6989700043,0,Titer>=10,,
v065,e065nab_du,DU,NAB,Luciferase,TZM-bl,MN,50,10,10,CB36-09,125-29-026-5,12.0,29APR2008,17JUL2008,23,23,1.361727836,1,Titer>=10,,
v065,e065nab_du,DU,NAB,Luciferase,TZM-bl,B-pGA2JS7,50,10,10,CB36-12,125-29-028-2,12.0,06MAY2008,08AUG2008,<10,5,0.6989700043,0,Titer>=10,,
v065,e065nab_du,DU,NAB,Luciferase,TZM-bl,MN,50,10,10,CB36-11,125-29-028-2,12.0,06MAY2008,08AUG2008,18,18,1.2552725051,1,Titer>=10,,
v065,e065nab_du,DU,NAB,Luciferase,TZM-bl,B-pGA2JS7,50,10,10,CB36-10,128-29-001-7,12.0,15JAN2008,17JUL2008,<10,5,0.6989700043,0,Titer>=10,,
v065,e065nab_du,DU,NAB,Luciferase,TZM-bl,MN,50,10,10,CB36-09,128-29-001-7,12.0,15JAN2008,17JUL2008,18,18,1.2552725051,1,Titer>=10,,
v065,e065nab_du,DU,NAB,Luciferase,TZM-bl,B-pGA2JS7,50,10,10,CB36-10,128-29-002-8,12.0,23JAN2008,17JUL2008,11,11,1.0413926852,1,Titer>=10,,
v065,e065nab_du,DU,NAB,Luciferase,TZM-bl,MN,50,10,10,CB36-09,128-29-002-8,12.0,23JAN2008,17JUL2008,20,20,1.3010299957,1,Titer>=10,,
v065,e065nab_du,DU,NAB,Luciferase,TZM-bl,B-pGA2JS7,50,10,10,CB36-10,128-29-003-4,12.0,17JAN2008,17JUL2008,<10,5,0.6989700043,0,Titer>=10,,
v065,e065nab_du,DU,NAB,Luciferase,TZM-bl,MN,50,10,10,CB36-09,128-29-003-4,12.0,17JAN2008,17JUL2008,15,15,1.1760912591,1,Titer>=10,,
v065,e065nab_du,DU,NAB,Luciferase,TZM-bl,B-pGA2JS7,50,10,10,CB36-10,128-29-004-2,12.0,22JAN2008,17JUL2008,<10,5,0.6989700043,0,Titer>=10,,
v065,e065nab_du,DU,NAB,Luciferase,TZM-bl,MN,50,10,10,CB36-09,128-29-004-2,12.0,22JAN2008,17JUL2008,12,12,1.079181246,1,Titer>=10,,
v065,e065nab_du,DU,NAB,Luciferase,TZM-bl,B-pGA2JS7,50,10,10,CB36-10,128-29-007-5,12.0,01FEB2008,17JUL2008,<10,5,0.6989700043,0,Titer>=10,,
v065,e065nab_du,DU,NAB,Luciferase,TZM-bl,MN,50,10,10,CB36-09,128-29-007-5,12.0,01FEB2008,17JUL2008,15,15,1.1760912591,1,Titer>=10,,
v065,e065nab_du,DU,NAB,Luciferase,TZM-bl,B-pGA2JS7,50,10,10,CB36-10,128-29-009-1,12.0,06FEB2008,17JUL2008,<10,5,0.6989700043,0,Titer>=10,,
v065,e065nab_du,DU,NAB,Luciferase,TZM-bl,MN,50,10,10,CB36-09,128-29-009-1,12.0,06FEB2008,17JUL2008,15,15,1.1760912591,1,Titer>=10,,
v065,e065nab_du,DU,NAB,Luciferase,TZM-bl,B-pGA2JS7,50,10,10,CB36-10,128-29-010-9,12.0,25JAN2008,17JUL2008,<10,5,0.6989700043,0,Titer>=10,,
v065,e065nab_du,DU,NAB,Luciferase,TZM-bl,MN,50,10,10,CB36-09,128-29-010-9,12.0,25JAN2008,17JUL2008,11,11,1.0413926852,1,Titer>=10,,
v065,e065nab_du,DU,NAB,Luciferase,TZM-bl,B-pGA2JS7,50,10,10,CB36-10,128-29-012-4,12.0,04FEB2008,17JUL2008,<10,5,0.6989700043,0,Titer>=10,,
v065,e065nab_du,DU,NAB,Luciferase,TZM-bl,MN,50,10,10,CB36-09,128-29-012-4,12.0,04FEB2008,17JUL2008,16,16,1.2041199827,1,Titer>=10,,
v065,e065nab_du,DU,NAB,Luciferase,TZM-bl,B-pGA2JS7,50,10,10,CB36-10,128-29-013-8,12.0,24JAN2008,17JUL2008,<10,5,0.6989700043,0,Titer>=10,,
v065,e065nab_du,DU,NAB,Luciferase,TZM-bl,MN,50,10,10,CB36-09,128-29-013-8,12.0,24JAN2008,17JUL2008,36,36,1.5563025008,1,Titer>=10,,
v065,e065nab_du,DU,NAB,Luciferase,TZM-bl,B-pGA2JS7,50,10,10,CB36-10,128-29-014-6,12.0,14FEB2008,17JUL2008,<10,5,0.6989700043,0,Titer>=10,,
v065,e065nab_du,DU,NAB,Luciferase,TZM-bl,MN,50,10,10,CB36-09,128-29-014-6,12.0,14FEB2008,17JUL2008,19,19,1.278753601,1,Titer>=10,,
v065,e065nab_du,DU,NAB,Luciferase,TZM-bl,B-pGA2JS7,50,10,10,CB36-12,128-29-016-0,12.0,04MAR2008,08AUG2008,<10,5,0.6989700043,0,Titer>=10,,
v065,e065nab_du,DU,NAB,Luciferase,TZM-bl,MN,50,10,10,CB36-11,128-29-016-0,12.0,04MAR2008,08AUG2008,<10,5,0.6989700043,0,Titer>=10,,
v065,e065nab_du,DU,NAB,Luciferase,TZM-bl,B-pGA2JS7,50,10,10,CB36-10,128-29-018-7,12.0,13FEB2008,17JUL2008,<10,5,0.6989700043,0,Titer>=10,,
v065,e065nab_du,DU,NAB,Luciferase,TZM-bl,MN,50,10,10,CB36-09,128-29-018-7,12.0,13FEB2008,17JUL2008,15,15,1.1760912591,1,Titer>=10,,
v065,e065nab_du,DU,NAB,Luciferase,TZM-bl,B-pGA2JS7,50,10,10,CB36-10,128-29-021-0,12.0,15FEB2008,17JUL2008,<10,5,0.6989700043,0,Titer>=10,,
v065,e065nab_du,DU,NAB,Luciferase,TZM-bl,MN,50,10,10,CB36-09,128-29-021-0,12.0,15FEB2008,17JUL2008,13,13,1.1139433523,1,Titer>=10,,
v065,e065nab_du,DU,NAB,Luciferase,TZM-bl,B-pGA2JS7,50,10,10,CB36-12,128-29-022-1,12.0,22MAY2008,08AUG2008,<10,5,0.6989700043,0,Titer>=10,,
v065,e065nab_du,DU,NAB,Luciferase,TZM-bl,MN,50,10,10,CB36-11,128-29-022-1,12.0,22MAY2008,08AUG2008,<10,5,0.6989700043,0,Titer>=10,,
v065,e065nab_du,DU,NAB,Luciferase,TZM-bl,B-pGA2JS7,50,10,10,CB36-10,128-29-025-4,12.0,11MAR2008,17JUL2008,<10,5,0.6989700043,0,Titer>=10,,
v065,e065nab_du,DU,NAB,Luciferase,TZM-bl,MN,50,10,10,CB36-09,128-29-025-4,12.0,11MAR2008,17JUL2008,356,356,2.551449998,1,Titer>=10,,
v065,e065nab_du,DU,NAB,Luciferase,TZM-bl,B-pGA2JS7,50,10,10,CB36-10,128-29-040-8,12.0,18APR2008,17JUL2008,<10,5,0.6989700043,0,Titer>=10,,
v065,e065nab_du,DU,NAB,Luciferase,TZM-bl,MN,50,10,10,CB36-09,128-29-040-8,12.0,18APR2008,17JUL2008,11,11,1.0413926852,1,Titer>=10,,
v065,e065nab_du,DU,NAB,Luciferase,TZM-bl,B-pGA2JS7,50,10,10,CB36-12,128-29-041-4,12.0,20MAY2008,08AUG2008,<10,5,0.6989700043,0,Titer>=10,,
v065,e065nab_du,DU,NAB,Luciferase,TZM-bl,MN,50,10,10,CB36-11,128-29-041-4,12.0,20MAY2008,08AUG2008,<10,5,0.6989700043,0,Titer>=10,,
v065,e065nab_du,DU,NAB,Luciferase,TZM-bl,B-pGA2JS7,50,10,10,CB36-12,128-29-043-7,12.0,21MAY2008,08AUG2008,<10,5,0.6989700043,0,Titer>=10,,
v065,e065nab_du,DU,NAB,Luciferase,TZM-bl,MN,50,10,10,CB36-11,128-29-043-7,12.0,21MAY2008,08AUG2008,<10,5,0.6989700043,0,Titer>=10,,
v065,e065nab_du,DU,NAB,Luciferase,TZM-bl,B-pGA2JS7,50,10,10,CB36-12,128-29-045-3,12.0,16MAY2008,08AUG2008,<10,5,0.6989700043,0,Titer>=10,,
v065,e065nab_du,DU,NAB,Luciferase,TZM-bl,MN,50,10,10,CB36-11,128-29-045-3,12.0,16MAY2008,08AUG2008,<10,5,0.6989700043,0,Titer>=10,,
v065,e065nab_du,DU,NAB,Luciferase,TZM-bl,B-pGA2JS7,50,10,10,CB36-12,128-29-046-1,12.0,20MAY2008,08AUG2008,<10,5,0.6989700043,0,Titer>=10,,
v065,e065nab_du,DU,NAB,Luciferase,TZM-bl,MN,50,10,10,CB36-11,128-29-046-1,12.0,20MAY2008,08AUG2008,40,40,1.6020599913,1,Titer>=10,,
v065,e065nab_du,DU,NAB,Luciferase,TZM-bl,B-pGA2JS7,50,10,10,CB36-12,128-29-049-9,12.0,29MAY2008,08AUG2008,<10,5,0.6989700043,0,Titer>=10,,
v065,e065nab_du,DU,NAB,Luciferase,TZM-bl,MN,50,10,10,CB36-11,128-29-049-9,12.0,29MAY2008,08AUG2008,<10,5,0.6989700043,0,Titer>=10,,
v065,e065nab_du,DU,NAB,Luciferase,TZM-bl,ADA,50,10,10,AG36-02,135-29-001-0,12.0,04DEC2006,21FEB2007,<10,5,0.6989700043,0,Titer>=10,,
v065,e065nab_du,DU,NAB,Luciferase,TZM-bl,MN,50,10,10,AG36-01,135-29-001-0,12.0,04DEC2006,07FEB2007,<10,5,0.6989700043,0,Titer>=10,,
v065,e065nab_du,DU,NAB,Luciferase,TZM-bl,ADA,50,10,10,AG36-02,135-29-003-6,12.0,20NOV2006,21FEB2007,<10,5,0.6989700043,0,Titer>=10,,
v065,e065nab_du,DU,NAB,Luciferase,TZM-bl,MN,50,10,10,AG36-01,135-29-003-6,12.0,20NOV2006,07FEB2007,<10,5,0.6989700043,0,Titer>=10,,
v065,e065nab_du,DU,NAB,Luciferase,TZM-bl,ADA,50,10,10,AG36-02,135-29-004-9,12.0,14DEC2006,21FEB2007,<10,5,0.6989700043,0,Titer>=10,,
v065,e065nab_du,DU,NAB,Luciferase,TZM-bl,MN,50,10,10,AG36-01,135-29-004-9,12.0,14DEC2006,07FEB2007,<10,5,0.6989700043,0,Titer>=10,,
v065,e065nab_du,DU,NAB,Luciferase,TZM-bl,ADA,50,10,10,PS36-04,135-29-005-4,12.0,26MAR2007,20JUN2007,<10,5,0.6989700043,0,Titer>=10,,
v065,e065nab_du,DU,NAB,Luciferase,TZM-bl,MN,50,10,10,PS36-03,135-29-005-4,12.0,26MAR2007,20JUN2007,<10,5,0.6989700043,0,Titer>=10,,
v065,e065nab_du,DU,NAB,Luciferase,TZM-bl,ADA,50,10,10,PS36-06,135-29-006-2,12.0,14JUN2007,21NOV2007,16,16,1.2041199827,1,Titer>=10,,
v065,e065nab_du,DU,NAB,Luciferase,TZM-bl,MN,50,10,10,PS36-05,135-29-006-2,12.0,14JUN2007,21NOV2007,27,27,1.4313637642,1,Titer>=10,,
